year,country_id,country,local_price,dollar_ex,dollar_price,dollar_ppp,dollar_valuation
Apr 2000,ARG,Argentina,2.50,1.00,2.50,1.00,-0.40
Apr 2001,ARG,Argentina,2.50,1.00,2.50,0.98,-1.57
Apr 2002,ARG,Argentina,2.50,3.13,0.78,1.00,-67.92
Apr 2003,ARG,Argentina,4.10,2.88,1.40,1.51,-47.47
Jan 2006,ARG,Argentina,4.75,3.06,1.55,1.51,-50.78
Jan 2007,ARG,Argentina,8.25,3.09,2.67,2.56,-17.05
Jan 2010,ARG,Argentina,7.00,3.80,1.84,1.96,-48.52
Jan 2012,ARG,Argentina,20.00,4.31,4.64,4.77,10.47
Jan 2013,ARG,Argentina,19.00,4.98,3.82,4.35,-12.58
Jan 2014,ARG,Argentina,21,6.92,3.03,4.54,-34.39
Jan 2015,ARG,Argentina,28,8.61,3.25,5.85,-32.11
Jan 2016,ARG,Argentina,33,13.81,2.39,6.7,-51.5
Jul 2009,ARG,Argentina,11.50,3.81,3.02,3.22,-15.48
Jul 2010,ARG,Argentina,14.00,3.93,3.56,3.75,-4.67
Jul 2011,ARG,Argentina,20.00,4.13,4.84,4.92,19.06
Jul 2012,ARG,Argentina,19.00,4.57,4.16,4.39,-3.85
Jul 2013,ARG,Argentina,21,5.41,3.88,4.61,-14.85
Jul 2014,ARG,Argentina,21,8.17,2.57,4.38,-46.39
Jul 2015,ARG,Argentina,28,9.14,3.07,5.85,-36.01
Jul 2016,ARG,Argentina,50,14.94,3.35,9.9,-33.6
Jun 2005,ARG,Argentina,4.75,2.90,1.64,1.55,-46.42
Jun 2007,ARG,Argentina,8.25,3.09,2.67,2.42,-21.74
Jun 2008,ARG,Argentina,11.00,3.02,3.64,3.08,2.04
May 2004,ARG,Argentina,4.36,2.95,1.48,1.50,-49.04
May 2006,ARG,Argentina,7.00,3.06,2.29,2.26,-26.12
Apr 2000,AUS,Australia,2.59,1.68,1.54,1.03,-38.58
Apr 2001,AUS,Australia,3.00,1.98,1.52,1.18,-40.35
Apr 2002,AUS,Australia,3.00,1.86,1.62,1.20,-35.22
Apr 2003,AUS,Australia,3.00,1.61,1.80,1.11,-31.24
Jan 2006,AUS,Australia,3.25,1.33,2.44,1.03,-22.47
Jan 2007,AUS,Australia,3.45,1.27,2.72,1.07,-15.43
Jan 2010,AUS,Australia,4.35,1.09,3.98,1.22,11.11
Jan 2012,AUS,Australia,4.80,0.97,4.94,1.14,17.61
Jan 2013,AUS,Australia,4.70,0.96,4.90,1.08,12.21
Jan 2014,AUS,Australia,5.05,1.13,4.47,1.09,-3.26
Jan 2015,AUS,Australia,5.3,1.23,4.32,1.11,-9.84
Jan 2016,AUS,Australia,5,1.42,3.74,1.1,-24.1
Jul 2009,AUS,Australia,4.34,1.29,3.37,1.22,-5.53
Jul 2010,AUS,Australia,4.35,1.13,3.84,1.17,2.77
Jul 2011,AUS,Australia,4.56,0.92,4.94,1.12,21.62
Jul 2012,AUS,Australia,4.56,0.97,4.68,1.05,8.15
Jul 2013,AUS,Australia,5.035,1.09,4.62,1.10,1.39
Jul 2014,AUS,Australia,5.1,1.06,4.81,1.06,0.40
Jul 2015,AUS,Australia,5.3,1.35,3.92,1.11,-18.12
Jul 2016,AUS,Australia,6,1.34,4.30,1.1,-14.6
Jun 2005,AUS,Australia,3.25,1.30,2.50,1.06,-18.39
Jun 2007,AUS,Australia,3.45,1.17,2.95,1.01,-13.53
Jun 2008,AUS,Australia,3.45,1.03,3.36,0.97,-5.81
May 2004,AUS,Australia,3.25,1.43,2.27,1.12,-21.63
May 2006,AUS,Australia,3.25,1.33,2.44,1.05,-21.32
Jan 2012,AUT,Austria,3.09,0.79,3.92,0.74,-6.60
Jan 2013,AUT,Austria,3.39,0.74,4.60,0.78,5.33
Jan 2014,AUT,Austria,3.39,0.74,4.60,0.73,-0.56
Jan 2015,AUT,Austria,3.39,0.86,3.93,0.71,-18.00
Jan 2016,AUT,Austria,4,0.93,3.76,0.7,-23.7
Jul 2011,AUT,Austria,3.09,0.70,4.43,0.76,8.98
Jul 2012,AUT,Austria,3.19,0.82,3.87,0.74,-10.63
Jul 2013,AUT,Austria,3.39,0.78,4.36,0.74,-4.34
Jul 2014,AUT,Austria,3.39,0.74,4.56,0.71,-4.81
Jul 2015,AUT,Austria,3.39,0.91,3.71,0.71,-22.46
Jul 2016,AUT,Austria,4,0.91,3.96,0.7,-21.4
Jan 2012,BEL,Belgium,3.70,0.79,4.69,0.88,11.84
Jan 2013,BEL,Belgium,3.80,0.74,5.16,0.87,18.07
Jan 2014,BEL,Belgium,3.95,0.74,5.36,0.85,15.87
Jan 2015,BEL,Belgium,3.7,0.86,4.29,0.77,-10.50
Jan 2016,BEL,Belgium,4,0.93,4.25,0.8,-13.9
Jul 2011,BEL,Belgium,3.75,0.70,5.38,0.92,32.26
Jul 2012,BEL,Belgium,3.80,0.82,4.61,0.88,6.46
Jul 2013,BEL,Belgium,3.7,0.78,4.76,0.81,4.40
Jul 2014,BEL,Belgium,3.7,0.74,4.98,0.77,3.89
Jul 2015,BEL,Belgium,3.7,0.91,4.05,0.77,-15.37
Jul 2016,BEL,Belgium,4,0.91,4.35,0.8,-13.7
Apr 2000,BRA,Brazil,2.95,1.79,1.65,1.18,-34.34
Apr 2001,BRA,Brazil,3.60,2.19,1.64,1.42,-35.28
Apr 2002,BRA,Brazil,3.60,2.34,1.55,1.45,-38.21
Apr 2003,BRA,Brazil,4.55,3.07,1.44,1.68,-45.31
Jan 2006,BRA,Brazil,6.20,2.26,2.74,1.97,-12.97
Jan 2007,BRA,Brazil,6.40,2.13,3.00,1.99,-6.84
Jan 2010,BRA,Brazil,8.20,1.72,4.76,2.29,32.91
Jan 2012,BRA,Brazil,10.25,1.81,5.68,2.44,35.30
Jan 2013,BRA,Brazil,11.25,1.99,5.64,2.58,29.22
Jan 2014,BRA,Brazil,12.4,2.36,5.25,2.68,13.48
Jan 2015,BRA,Brazil,13.5,2.59,5.21,2.82,8.70
Jan 2016,BRA,Brazil,14,4.02,3.35,2.7,-32.0
Jul 2009,BRA,Brazil,8.03,2.00,4.02,2.25,12.63
Jul 2010,BRA,Brazil,8.71,1.77,4.91,2.33,31.44
Jul 2011,BRA,Brazil,9.50,1.54,6.16,2.34,51.60
Jul 2012,BRA,Brazil,10.08,2.04,4.94,2.33,14.06
Jul 2013,BRA,Brazil,12,2.27,5.28,2.63,15.98
Jul 2014,BRA,Brazil,13,2.22,5.86,2.71,22.11
Jul 2015,BRA,Brazil,13.5,3.15,4.28,2.82,-10.59
Jul 2016,BRA,Brazil,16,3.24,4.78,3.1,-5.1
Jun 2005,BRA,Brazil,5.90,2.46,2.39,1.93,-21.77
Jun 2007,BRA,Brazil,6.90,1.91,3.61,2.02,5.77
Jun 2008,BRA,Brazil,7.50,1.58,4.73,2.10,32.58
May 2004,BRA,Brazil,5.40,3.18,1.70,1.86,-41.44
May 2006,BRA,Brazil,6.40,2.30,2.78,2.06,-10.41
Apr 2000,GBR,Britain,1.90,0.63,3.00,0.76,19.60
Apr 2001,GBR,Britain,1.99,0.70,2.85,0.78,12.04
Apr 2002,GBR,Britain,1.99,0.69,2.88,0.80,15.88
Apr 2003,GBR,Britain,1.99,0.63,3.08,0.73,16.02
Jan 2006,GBR,Britain,1.88,0.57,3.32,0.60,-5.01
Jan 2007,GBR,Britain,1.94,0.51,3.83,0.60,19.06
Jan 2010,GBR,Britain,2.29,0.62,3.67,0.64,2.55
Jan 2012,GBR,Britain,2.49,0.65,3.82,0.59,-8.91
Jan 2013,GBR,Britain,2.69,0.63,4.25,0.62,-2.73
Jan 2014,GBR,Britain,2.79,0.60,4.63,0.60,0.06
Jan 2015,GBR,Britain,2.89,0.66,4.37,0.60,-8.81
Jan 2016,GBR,Britain,3,0.68,4.22,0.6,-14.4
Jul 2009,GBR,Britain,2.29,0.62,3.69,0.64,-3.21
Jul 2010,GBR,Britain,2.29,0.66,3.48,0.61,-6.69
Jul 2011,GBR,Britain,2.39,0.61,3.89,0.59,-4.26
Jul 2012,GBR,Britain,2.69,0.65,4.16,0.62,-3.82
Jul 2013,GBR,Britain,2.69,0.67,4.02,0.59,-11.78
Jul 2014,GBR,Britain,2.89,0.59,4.93,0.60,2.71
Jul 2015,GBR,Britain,2.89,0.64,4.51,0.60,-5.79
Jul 2016,GBR,Britain,3,0.76,3.94,0.6,-21.8
Jun 2005,GBR,Britain,1.88,0.55,3.44,0.61,12.43
Jun 2007,GBR,Britain,1.99,0.50,4.01,0.58,17.51
Jun 2008,GBR,Britain,2.29,0.50,4.57,0.64,28.03
May 2004,GBR,Britain,1.88,0.56,3.37,0.65,16.04
May 2006,GBR,Britain,1.94,0.53,3.65,0.63,17.68
Apr 2000,CAN,Canada,2.85,1.47,1.94,1.14,-22.76
Apr 2001,CAN,Canada,3.33,1.56,2.14,1.31,-15.96
Apr 2002,CAN,Canada,3.33,1.57,2.12,1.34,-14.82
Apr 2003,CAN,Canada,3.20,1.45,2.17,1.18,-18.56
Jan 2006,CAN,Canada,3.52,1.17,3.01,1.12,-4.52
Jan 2007,CAN,Canada,3.63,1.17,3.09,1.13,-4.04
Jan 2010,CAN,Canada,4.12,1.04,3.97,1.15,11.00
Jan 2012,CAN,Canada,4.73,1.02,4.63,1.13,10.38
Jan 2013,CAN,Canada,5.41,1.00,5.39,1.24,23.51
Jan 2014,CAN,Canada,5.54,1.11,5.01,1.20,8.41
Jan 2015,CAN,Canada,5.7,1.23,4.64,1.19,-3.14
Jan 2016,CAN,Canada,6,1.41,4.14,1.2,-15.9
Jul 2009,CAN,Canada,3.89,1.16,3.35,1.09,-6.13
Jul 2010,CAN,Canada,4.17,1.04,4.00,1.12,7.16
Jul 2011,CAN,Canada,4.73,0.95,5.00,1.16,23.02
Jul 2012,CAN,Canada,5.12,1.02,5.02,1.18,16.06
Jul 2013,CAN,Canada,5.53,1.05,5.26,1.21,15.44
Jul 2014,CAN,Canada,5.64,1.07,5.25,1.18,9.51
Jul 2015,CAN,Canada,5.85,1.29,4.54,1.22,-5.30
Jul 2016,CAN,Canada,6,1.30,4.60,1.2,-8.6
Jun 2005,CAN,Canada,3.28,1.25,2.63,1.07,-14.21
Jun 2007,CAN,Canada,3.88,1.05,3.68,1.14,8.01
Jun 2008,CAN,Canada,4.09,1.00,4.08,1.15,14.16
May 2004,CAN,Canada,3.19,1.37,2.33,1.10,-19.71
May 2006,CAN,Canada,3.52,1.12,3.14,1.14,1.34
Apr 2000,CHL,Chile,1260.00,514.00,2.45,501.99,-2.34
Apr 2001,CHL,Chile,1260.00,601.00,2.10,496.06,-17.46
Apr 2002,CHL,Chile,1400.00,655.00,2.16,562.25,-14.16
Apr 2003,CHL,Chile,1400.00,716.00,1.95,516.61,-27.85
Jan 2006,CHL,Chile,1560.00,522.75,2.98,495.24,-5.26
Jan 2007,CHL,Chile,1670.00,540.15,3.09,518.63,-3.98
Jan 2010,CHL,Chile,1600.00,503.10,3.18,446.93,-11.17
Jan 2012,CHL,Chile,2050.00,506.05,4.05,488.42,-3.48
Jan 2013,CHL,Chile,2050.00,471.75,4.35,469.39,-0.50
Jan 2014,CHL,Chile,2000,541.95,3.69,432.51,-20.19
Jan 2015,CHL,Chile,2100,627.49,3.35,438.41,-30.13
Jan 2016,CHL,Chile,2100,715.22,2.94,426.0,-40.4
Jul 2009,CHL,Chile,1750.00,548.55,3.19,490.20,-10.64
Jul 2010,CHL,Chile,1750.00,523.65,3.34,468.75,-10.48
Jul 2011,CHL,Chile,1850.00,462.75,4.00,455.10,-1.65
Jul 2012,CHL,Chile,2050.00,493.05,4.16,473.71,-3.92
Jul 2013,CHL,Chile,2000,508.16,3.94,438.92,-13.63
Jul 2014,CHL,Chile,2100,564.14,3.72,437.96,-22.37
Jul 2015,CHL,Chile,2100,642.45,3.27,438.41,-31.76
Jul 2016,CHL,Chile,2300,651.12,3.53,456.3,-29.9
Jun 2005,CHL,Chile,1500.00,592.45,2.53,490.20,-17.26
Jun 2007,CHL,Chile,1565.00,526.75,2.97,458.94,-12.87
Jun 2008,CHL,Chile,1550.00,494.65,3.13,434.17,-12.23
May 2004,CHL,Chile,1400.00,641.00,2.18,482.76,-24.69
May 2006,CHL,Chile,1560.00,529.95,2.94,503.23,-5.04
Apr 2000,CHN,China,9.90,8.28,1.20,3.94,-52.36
Apr 2001,CHN,China,9.90,8.28,1.20,3.90,-52.93
Apr 2002,CHN,China,10.50,8.28,1.27,4.22,-49.07
Apr 2003,CHN,China,9.90,8.28,1.20,3.65,-55.88
Jan 2006,CHN,China,10.50,8.06,1.30,3.33,-58.66
Jan 2007,CHN,China,11.00,7.77,1.41,3.42,-56.06
Jan 2010,CHN,China,12.50,6.83,1.83,3.49,-48.86
Jan 2012,CHN,China,15.40,6.32,2.44,3.67,-41.90
Jan 2013,CHN,China,16.00,6.22,2.57,3.66,-41.10
Jan 2014,CHN,China,16.6,6.05,2.74,3.59,-40.68
Jan 2015,CHN,China,17.2,6.21,2.77,3.59,-42.19
Jan 2016,CHN,China,18,6.56,2.68,3.6,-45.6
Jul 2009,CHN,China,12.50,6.83,1.83,3.50,-48.76
Jul 2010,CHN,China,13.20,6.78,1.95,3.54,-47.83
Jul 2011,CHN,China,14.65,6.45,2.27,3.60,-44.08
Jul 2012,CHN,China,15.65,6.39,2.45,3.62,-43.39
Jul 2013,CHN,China,16,6.13,2.61,3.51,-42.76
Jul 2014,CHN,China,16.9,6.20,2.73,3.52,-43.14
Jul 2015,CHN,China,17,6.21,2.74,3.55,-42.84
Jul 2016,CHN,China,19,6.68,2.79,3.7,-44.7
Jun 2005,CHN,China,10.50,8.28,1.27,3.43,-58.54
Jun 2007,CHN,China,11.00,7.60,1.45,3.23,-57.58
Jun 2008,CHN,China,12.50,6.83,1.83,3.50,-48.76
May 2004,CHN,China,10.40,8.28,1.26,3.59,-56.69
May 2006,CHN,China,10.50,8.03,1.31,3.39,-57.80
Jan 2007,COL,Colombia,6900.00,2239.33,3.08,2142.86,-4.31
Jan 2010,COL,Colombia,8200.00,2095.60,3.91,2296.92,9.61
Jan 2012,COL,Colombia,8400.00,1852.15,4.54,2001.32,8.05
Jan 2013,COL,Colombia,8600.00,1773.18,4.85,1969.14,11.05
Jan 2014,COL,Colombia,8600,1982.80,4.34,1859.79,-6.20
Jan 2015,COL,Colombia,7900,2364.98,3.34,1649.27,-30.26
Jan 2016,COL,Colombia,7900,3253.90,2.43,1602.4,-50.8
Jul 2009,COL,Colombia,7000.00,2095.60,3.34,1960.78,-6.43
Jul 2010,COL,Colombia,8200.00,1868.45,4.39,2196.43,17.55
Jul 2011,COL,Colombia,8400.00,1770.50,4.74,2066.42,16.71
Jul 2012,COL,Colombia,8600.00,1804.48,4.77,1987.29,10.13
Jul 2013,COL,Colombia,8600,1921.00,4.48,1887.34,-1.75
Jul 2014,COL,Colombia,8600,1847.65,4.65,1793.53,-2.93
Jul 2015,COL,Colombia,7900,2708.90,2.92,1649.27,-39.12
Jul 2016,COL,Colombia,8900,2929.00,3.04,1765.9,-39.7
Jun 2005,COL,Colombia,6500.00,2327.70,2.79,2124.18,-8.74
Jun 2007,COL,Colombia,6900.00,1956.00,3.53,2023.46,3.45
Jun 2008,COL,Colombia,7000.00,1798.65,3.89,1960.78,9.01
May 2004,COL,Colombia,6500.00,2769.83,2.35,2241.38,-19.08
May 2006,COL,Colombia,6500.00,2503.60,2.60,2096.77,-16.25
Jan 2007,CRI,Costa Rica,1130.00,509.54,2.22,350.93,-31.13
Jan 2010,CRI,Costa Rica,2050.00,582.57,3.52,574.23,-1.43
Jan 2012,CRI,Costa Rica,2050.00,509.54,4.02,488.42,-4.15
Jan 2013,CRI,Costa Rica,2200.00,500.83,4.39,503.73,0.58
Jan 2014,CRI,Costa Rica,2150,501.92,4.28,464.95,-7.37
Jan 2015,CRI,Costa Rica,2150,536.09,4.01,448.85,-16.27
Jan 2016,CRI,Costa Rica,2150,535.25,4.02,436.1,-18.5
Jul 2009,CRI,Costa Rica,2000.00,582.57,3.43,560.22,-3.84
Jul 2010,CRI,Costa Rica,2000.00,522.12,3.83,535.71,2.60
Jul 2011,CRI,Costa Rica,2050.00,504.31,4.07,504.31,0.00
Jul 2012,CRI,Costa Rica,1200.00,501.02,2.40,277.30,-44.65
Jul 2013,CRI,Costa Rica,2150,498.68,4.31,471.84,-5.38
Jul 2014,CRI,Costa Rica,2150,537.30,4.00,448.38,-16.55
Jul 2015,CRI,Costa Rica,2150,533.30,4.03,448.85,-15.84
Jul 2016,CRI,Costa Rica,2250,546.39,4.12,446.4,-18.3
Jun 2005,CRI,Costa Rica,1130.00,475.30,2.38,369.28,-22.31
Jun 2007,CRI,Costa Rica,1130.00,518.63,2.18,331.38,-36.10
Jun 2008,CRI,Costa Rica,1800.00,551.02,3.27,504.20,-8.50
May 2004,CRI,Costa Rica,1130.00,433.55,2.61,389.66,-10.12
May 2006,CRI,Costa Rica,1130.00,509.54,2.22,364.52,-28.46
Apr 2000,CZE,Czech Republic,54.37,39.10,1.39,21.66,-44.60
Apr 2001,CZE,Czech Republic,56.00,39.00,1.43,22.05,-43.47
Apr 2002,CZE,Czech Republic,56.28,34.00,1.66,22.60,-33.52
Apr 2003,CZE,Czech Republic,56.57,28.90,1.91,20.87,-27.77
Jan 2006,CZE,Czech Republic,62.00,23.84,2.60,19.68,-17.43
Jan 2007,CZE,Czech Republic,52.10,21.50,2.42,16.18,-24.75
Jan 2010,CZE,Czech Republic,67.64,18.21,3.71,18.89,3.76
Jan 2012,CZE,Czech Republic,70.22,20.37,3.45,16.73,-17.85
Jan 2013,CZE,Czech Republic,70.33,18.89,3.72,16.10,-14.77
Jan 2014,CZE,Czech Republic,70.45,20.28,3.47,15.24,-24.89
Jan 2015,CZE,Czech Republic,70.45,24.13,2.92,14.71,-39.06
Jan 2016,CZE,Czech Republic,75,25.14,2.98,15.2,-39.5
Jul 2009,CZE,Czech Republic,67.92,18.66,3.64,19.03,1.95
Jul 2010,CZE,Czech Republic,67.64,19.75,3.43,18.12,-8.25
Jul 2011,CZE,Czech Republic,69.32,17.02,4.07,17.05,0.18
Jul 2012,CZE,Czech Republic,70.33,21.05,3.34,16.25,-22.79
Jul 2013,CZE,Czech Republic,70.45,20.18,3.49,15.46,-23.40
Jul 2014,CZE,Czech Republic,70.45,20.39,3.46,14.69,-27.94
Jul 2015,CZE,Czech Republic,70,24.70,2.83,14.61,-40.84
Jul 2016,CZE,Czech Republic,75,24.55,3.06,14.9,-39.4
Jun 2005,CZE,Czech Republic,56.42,24.54,2.30,18.44,-24.87
Jun 2007,CZE,Czech Republic,52.90,21.12,2.51,15.51,-26.54
Jun 2008,CZE,Czech Republic,66.08,14.50,4.56,18.51,27.67
May 2004,CZE,Czech Republic,56.42,26.50,2.13,19.46,-26.58
May 2006,CZE,Czech Republic,59.05,22.11,2.67,19.05,-13.84
Apr 2000,DNK,Denmark,24.75,8.04,3.08,9.86,22.64
Apr 2001,DNK,Denmark,24.75,8.46,2.93,9.74,15.18
Apr 2002,DNK,Denmark,24.75,8.38,2.96,9.94,18.61
Apr 2003,DNK,Denmark,27.75,6.78,3.99,10.24,51.03
Jan 2006,DNK,Denmark,27.75,6.18,4.49,8.81,42.62
Jan 2007,DNK,Denmark,27.75,5.75,4.82,8.62,49.80
Jan 2010,DNK,Denmark,30.94,5.16,5.99,8.64,67.43
Jan 2012,DNK,Denmark,31.50,5.86,5.37,7.50,28.04
Jan 2013,DNK,Denmark,28.50,5.50,5.18,6.53,18.69
Jan 2014,DNK,Denmark,28.5,5.50,5.18,6.16,12.03
Jan 2015,DNK,Denmark,34.5,6.42,5.38,7.20,12.23
Jan 2016,DNK,Denmark,30,6.94,4.32,6.1,-12.3
Jul 2009,DNK,Denmark,29.50,5.34,5.53,8.26,54.82
Jul 2010,DNK,Denmark,28.50,5.81,4.90,7.63,31.31
Jul 2011,DNK,Denmark,28.50,5.20,5.48,7.01,34.87
Jul 2012,DNK,Denmark,28.50,6.14,4.65,6.59,7.34
Jul 2013,DNK,Denmark,28.5,5.80,4.91,6.25,7.83
Jul 2014,DNK,Denmark,28.5,5.54,5.15,5.94,7.31
Jul 2015,DNK,Denmark,34.59,6.81,5.08,7.22,6.02
Jul 2016,DNK,Denmark,30,6.76,4.44,6.0,-11.9
Jun 2005,DNK,Denmark,27.75,6.06,4.58,9.07,49.53
Jun 2007,DNK,Denmark,27.75,5.46,5.08,8.14,49.04
Jun 2008,DNK,Denmark,28.00,4.70,5.95,7.84,66.72
May 2004,DNK,Denmark,27.75,6.22,4.46,9.57,53.84
May 2006,DNK,Denmark,27.75,5.82,4.77,8.95,53.85
Apr 2003,EGY,Egypt,8.00,5.92,1.38,2.95,-50.13
Jan 2006,EGY,Egypt,9.25,5.74,1.61,2.94,-48.84
Jan 2007,EGY,Egypt,9.09,5.70,1.59,2.82,-50.47
Jan 2010,EGY,Egypt,13.00,5.47,2.38,3.63,-33.55
Jan 2012,EGY,Egypt,15.50,6.04,2.57,3.69,-38.83
Jan 2013,EGY,Egypt,16.00,6.69,2.39,3.66,-45.20
Jan 2014,EGY,Egypt,16.93,6.96,2.43,3.66,-47.40
Jan 2015,EGY,Egypt,16.93,7.35,2.30,3.53,-51.91
Jan 2016,EGY,Egypt,17,7.83,2.16,3.4,-56.1
Jul 2009,EGY,Egypt,13.00,5.58,2.33,3.64,-34.80
Jul 2010,EGY,Egypt,13.00,5.70,2.28,3.48,-38.90
Jul 2011,EGY,Egypt,14.09,5.96,2.36,3.47,-41.86
Jul 2012,EGY,Egypt,16.00,6.07,2.64,3.70,-39.05
Jul 2013,EGY,Egypt,16.75,7.01,2.39,3.68,-47.56
Jul 2014,EGY,Egypt,16.93,7.15,2.37,3.53,-50.62
Jul 2015,EGY,Egypt,16.93,7.83,2.16,3.53,-54.86
Jul 2016,EGY,Egypt,23,8.88,2.59,4.6,-48.6
Jun 2005,EGY,Egypt,9.00,5.80,1.55,2.94,-49.29
Jun 2007,EGY,Egypt,9.54,5.69,1.68,2.80,-50.83
Jun 2008,EGY,Egypt,13.00,5.31,2.45,3.64,-31.45
May 2004,EGY,Egypt,10.00,6.19,1.62,3.45,-44.29
May 2006,EGY,Egypt,9.50,5.77,1.65,3.06,-46.90
Jan 2012,EST,Estonia,2.04,0.79,2.59,0.49,-38.34
Jan 2013,EST,Estonia,2.70,0.74,3.66,0.62,-16.11
Jan 2014,EST,Estonia,2.8,0.74,3.80,0.61,-17.86
Jan 2015,EST,Estonia,2.9,0.86,3.36,0.61,-29.85
Jan 2016,EST,Estonia,3,0.93,3.23,0.6,-34.6
Jul 2011,EST,Estonia,2.20,0.70,3.15,0.54,-22.41
Jul 2012,EST,Estonia,2.04,0.82,2.47,0.47,-42.85
Jul 2013,EST,Estonia,2.75,0.78,3.54,0.60,-22.40
Jul 2014,EST,Estonia,2.9,0.74,3.90,0.60,-18.57
Jul 2015,EST,Estonia,2.95,0.91,3.23,0.62,-32.52
Jul 2016,EST,Estonia,3,0.91,3.41,0.6,-32.3
Apr 2000,EUR,Euro area,2.56,1.08,2.38,1.02,-5.15
Apr 2001,EUR,Euro area,2.57,1.14,2.27,1.01,-10.96
Apr 2002,EUR,Euro area,2.67,1.12,2.37,1.07,-4.57
Apr 2003,EUR,Euro area,2.71,0.91,2.98,1.00,10.00
Jan 2006,EUR,Euro area,2.91,0.83,3.51,0.92,11.55
Jan 2007,EUR,Euro area,2.94,0.77,3.81,0.91,18.30
Jan 2010,EUR,Euro area,3.36,0.69,4.84,0.94,35.31
Jan 2012,EUR,Euro area,3.49,0.79,4.43,0.83,5.56
Jan 2013,EUR,Euro area,3.59,0.74,4.88,0.82,11.69
Jan 2014,EUR,Euro area,3.657962724,0.74,4.96,0.79,7.30
Jan 2015,EUR,Euro area,3.68,0.86,4.26,0.77,-10.98
Jan 2016,EUR,Euro area,4,0.93,4.00,0.8,-18.9
Jul 2009,EUR,Euro area,3.31,0.72,4.62,0.93,29.33
Jul 2010,EUR,Euro area,3.38,0.78,4.33,0.91,16.05
Jul 2011,EUR,Euro area,3.44,0.70,4.93,0.85,21.24
Jul 2012,EUR,Euro area,3.58,0.82,4.34,0.83,0.39
Jul 2013,EUR,Euro area,3.623870489,0.78,4.66,0.80,2.25
Jul 2014,EUR,Euro area,3.67923829,0.74,4.95,0.77,3.31
Jul 2015,EUR,Euro area,3.7,0.91,4.05,0.77,-15.37
Jul 2016,EUR,Euro area,4,0.91,4.21,0.8,-16.6
Jun 2005,EUR,Euro area,2.92,0.81,3.58,0.95,17.10
Jun 2007,EUR,Euro area,3.06,0.73,4.17,0.90,22.20
Jun 2008,EUR,Euro area,3.37,0.63,5.34,0.94,49.66
May 2004,EUR,Euro area,2.74,0.83,3.28,0.94,13.38
May 2006,EUR,Euro area,2.94,0.78,3.77,0.95,21.51
Jan 2012,FIN,Finland,3.75,0.79,4.76,0.89,13.35
Jan 2013,FIN,Finland,3.75,0.74,5.09,0.86,16.51
Jan 2014,FIN,Finland,4.1,0.74,5.56,0.89,20.27
Jan 2015,FIN,Finland,4.1,0.86,4.75,0.86,-0.83
Jan 2016,FIN,Finland,4,0.93,4.41,0.8,-10.6
Jul 2011,FIN,Finland,3.75,0.70,5.38,0.92,32.26
Jul 2012,FIN,Finland,3.75,0.82,4.55,0.87,5.06
Jul 2013,FIN,Finland,4.1,0.78,5.27,0.90,15.69
Jul 2014,FIN,Finland,4.1,0.74,5.52,0.86,15.12
Jul 2015,FIN,Finland,4.1,0.91,4.49,0.86,-6.22
Jul 2016,FIN,Finland,5,0.91,5.06,0.9,0.5
Jan 2012,FRA,France,3.60,0.79,4.57,0.86,8.81
Jan 2013,FRA,France,3.60,0.74,4.89,0.82,11.85
Jan 2014,FRA,France,3.8,0.74,5.15,0.82,11.47
Jan 2015,FRA,France,3.9,0.86,4.52,0.81,-5.66
Jan 2016,FRA,France,4,0.93,4.41,0.8,-10.6
Jul 2011,FRA,France,3.50,0.70,5.02,0.86,23.44
Jul 2012,FRA,France,3.60,0.82,4.36,0.83,0.85
Jul 2013,FRA,France,3.9,0.78,5.01,0.86,10.05
Jul 2014,FRA,France,3.9,0.74,5.25,0.81,9.51
Jul 2015,FRA,France,4.1,0.91,4.49,0.86,-6.22
Jul 2016,FRA,France,4,0.91,4.51,0.8,-10.4
Jan 2012,DEU,Germany,3.53,0.79,4.48,0.84,6.70
Jan 2013,DEU,Germany,3.64,0.74,4.94,0.83,13.09
Jan 2014,DEU,Germany,3.67,0.74,4.98,0.79,7.66
Jan 2015,DEU,Germany,3.67,0.86,4.25,0.77,-11.23
Jan 2016,DEU,Germany,4,0.93,3.86,0.7,-21.7
Jul 2011,DEU,Germany,3.40,0.70,4.87,0.84,19.91
Jul 2012,DEU,Germany,3.64,0.82,4.41,0.84,1.97
Jul 2013,DEU,Germany,3.64,0.78,4.68,0.80,2.71
Jul 2014,DEU,Germany,3.67,0.74,4.94,0.77,3.05
Jul 2015,DEU,Germany,3.59,0.91,3.93,0.75,-17.88
Jul 2016,DEU,Germany,4,0.91,4.17,0.8,-17.2
Jan 2012,GRC,Greece,3.30,0.79,4.19,0.79,-0.25
Jan 2013,GRC,Greece,3.30,0.74,4.48,0.76,2.53
Jan 2014,GRC,Greece,3.05,0.74,4.14,0.66,-10.53
Jan 2015,GRC,Greece,3.05,0.86,3.53,0.64,-26.22
Jan 2016,GRC,Greece,3,0.93,3.60,0.7,-27.0
Jul 2011,GRC,Greece,3.26,0.70,4.67,0.80,14.97
Jul 2012,GRC,Greece,2.68,0.82,3.25,0.62,-24.84
Jul 2013,GRC,Greece,2.6,0.78,3.34,0.57,-26.64
Jul 2014,GRC,Greece,3.05,0.74,4.11,0.64,-14.36
Jul 2015,GRC,Greece,3.05,0.91,3.34,0.64,-30.24
Jul 2016,GRC,Greece,3,0.91,3.69,0.7,-26.8
Apr 2000,HUN,Hungary,339.00,279.00,1.21,135.06,-51.59
Apr 2001,HUN,Hungary,399.00,303.00,1.32,157.09,-48.16
Apr 2002,HUN,Hungary,459.00,272.00,1.69,184.34,-32.23
Apr 2003,HUN,Hungary,490.00,224.00,2.14,180.81,-19.28
Jan 2006,HUN,Hungary,560.00,206.96,2.71,177.78,-14.10
Jan 2007,HUN,Hungary,590.00,194.42,3.03,183.23,-5.76
Jan 2010,HUN,Hungary,720.00,186.65,3.86,201.12,7.75
Jan 2012,HUN,Hungary,645.00,245.69,2.63,153.67,-37.45
Jan 2013,HUN,Hungary,830.00,217.47,3.82,190.04,-12.61
Jan 2014,HUN,Hungary,860,223.10,3.85,185.98,-16.64
Jan 2015,HUN,Hungary,860,271.39,3.17,179.54,-33.84
Jan 2016,HUN,Hungary,900,292.68,3.08,182.6,-37.6
Jul 2009,HUN,Hungary,720.00,199.16,3.62,201.68,1.27
Jul 2010,HUN,Hungary,740.00,221.97,3.33,198.21,-10.70
Jul 2011,HUN,Hungary,760.00,188.07,4.04,186.96,-0.59
Jul 2012,HUN,Hungary,830.00,238.22,3.48,191.80,-19.49
Jul 2013,HUN,Hungary,860,228.46,3.76,188.73,-17.39
Jul 2014,HUN,Hungary,860,228.31,3.77,179.35,-21.44
Jul 2015,HUN,Hungary,900,282.88,3.18,187.89,-33.58
Jul 2016,HUN,Hungary,900,285.64,3.15,178.6,-37.5
Jun 2005,HUN,Hungary,530.00,203.64,2.60,173.20,-14.95
Jun 2007,HUN,Hungary,600.00,180.21,3.33,175.95,-2.36
Jun 2008,HUN,Hungary,670.00,144.26,4.64,187.68,30.10
May 2004,HUN,Hungary,530.00,211.00,2.52,182.76,-13.38
May 2006,HUN,Hungary,560.00,206.34,2.71,180.65,-12.45
Jan 2012,IND,India,84.00,51.91,1.62,20.01,-61.44
Jan 2013,IND,India,89.00,53.40,1.67,20.38,-61.83
Jan 2014,IND,India,95,61.85,1.54,20.54,-66.78
Jan 2015,IND,India,116.25,61.62,1.89,24.27,-60.61
Jan 2016,IND,India,127,66.80,1.90,25.8,-61.4
Jul 2011,IND,India,84.00,44.40,1.89,20.66,-53.46
Jul 2012,IND,India,89.00,56.17,1.58,20.57,-63.38
Jul 2013,IND,India,90,59.98,1.50,19.75,-67.07
Jul 2014,IND,India,105,60.09,1.75,21.90,-63.56
Jul 2015,IND,India,116.25,63.43,1.83,24.27,-61.74
Jul 2016,IND,India,162,67.20,2.41,32.1,-52.2
Apr 2000,IDN,Indonesia,14500.00,7945.00,1.83,5776.89,-27.29
Apr 2001,IDN,Indonesia,14700.00,10855.00,1.35,5787.40,-46.68
Apr 2002,IDN,Indonesia,16000.00,9430.00,1.71,6425.70,-31.86
Apr 2003,IDN,Indonesia,16100.00,8740.00,1.81,5940.96,-32.03
Jan 2006,IDN,Indonesia,14600.00,9460.00,1.54,4634.92,-51.01
Jan 2007,IDN,Indonesia,15900.00,9090.00,1.75,4937.89,-45.68
Jan 2010,IDN,Indonesia,20900.00,9320.00,2.24,5837.99,-37.36
Jan 2012,IDN,Indonesia,22534.00,9160.00,2.46,5368.79,-41.39
Jan 2013,IDN,Indonesia,27939.00,9767.50,2.86,6397.18,-34.51
Jan 2014,IDN,Indonesia,27939,12140.00,2.30,6041.95,-50.23
Jan 2015,IDN,Indonesia,27939,12480.00,2.24,5832.78,-53.26
Jan 2016,IDN,Indonesia,30500,13947.50,2.19,6186.6,-55.6
Jul 2009,IDN,Indonesia,20900.00,10200.00,2.05,5854.34,-42.60
Jul 2010,IDN,Indonesia,22780.00,9063.00,2.51,6101.79,-32.67
Jul 2011,IDN,Indonesia,22534.00,8523.00,2.64,5543.42,-34.96
Jul 2012,IDN,Indonesia,24200.00,9482.50,2.55,5592.14,-41.03
Jul 2013,IDN,Indonesia,27939,9965.00,2.80,6131.46,-38.47
Jul 2014,IDN,Indonesia,27939,11505.00,2.43,5826.69,-49.36
Jul 2015,IDN,Indonesia,30500,13344.50,2.29,6367.43,-52.28
Jul 2016,IDN,Indonesia,31000,13112.50,2.36,6150.8,-53.1
Jun 2005,IDN,Indonesia,14600.00,9545.00,1.53,4771.24,-50.01
Jun 2007,IDN,Indonesia,15900.00,9015.00,1.76,4662.76,-48.28
Jun 2008,IDN,Indonesia,18700.00,9152.00,2.04,5238.10,-42.77
May 2004,IDN,Indonesia,16100.00,9120.00,1.77,5551.72,-39.13
May 2006,IDN,Indonesia,14600.00,9325.00,1.57,4709.68,-49.49
Jan 2012,IRL,Ireland,3.80,0.79,4.82,0.91,14.86
Jan 2013,IRL,Ireland,3.49,0.74,4.74,0.80,8.43
Jan 2014,IRL,Ireland,3.46,0.74,4.69,0.75,1.50
Jan 2015,IRL,Ireland,3.49,0.86,4.04,0.73,-15.58
Jan 2016,IRL,Ireland,4,0.93,4.25,0.8,-13.9
Jul 2011,IRL,Ireland,3.80,0.70,5.45,0.93,34.02
Jul 2012,IRL,Ireland,3.49,0.82,4.23,0.81,-2.23
Jul 2013,IRL,Ireland,3.46,0.78,4.45,0.76,-2.37
Jul 2014,IRL,Ireland,3.49,0.74,4.70,0.73,-2.01
Jul 2015,IRL,Ireland,3.7,0.91,4.05,0.77,-15.37
Jul 2016,IRL,Ireland,4,0.91,4.40,0.8,-12.6
Apr 2000,ISR,Israel,14.50,4.05,3.58,5.78,42.64
Apr 2002,ISR,Israel,12.00,4.79,2.51,4.82,0.61
Jan 2010,ISR,Israel,14.90,3.73,3.99,4.16,11.51
Jan 2012,ISR,Israel,15.90,3.85,4.13,3.79,-1.57
Jan 2013,ISR,Israel,14.90,3.72,4.00,3.41,-8.40
Jan 2014,ISR,Israel,17.5,3.49,5.02,3.78,8.49
Jan 2015,ISR,Israel,17.5,3.93,4.45,3.65,-7.14
Jan 2016,ISR,Israel,17,3.94,4.29,3.4,-13.0
Jul 2009,ISR,Israel,15.00,3.97,3.77,4.20,5.72
Jul 2010,ISR,Israel,14.90,3.86,3.86,3.99,3.34
Jul 2011,ISR,Israel,15.90,3.40,4.67,3.91,14.93
Jul 2012,ISR,Israel,11.90,4.08,2.92,2.75,-32.54
Jul 2013,ISR,Israel,17.5,3.65,4.80,3.84,5.34
Jul 2014,ISR,Israel,17.5,3.41,5.13,3.65,6.91
Jul 2015,ISR,Israel,17.5,3.78,4.63,3.65,-3.31
Jul 2016,ISR,Israel,17,3.86,4.38,3.4,-13.1
Jan 2012,ITA,Italy,3.50,0.79,4.44,0.83,5.79
Jan 2013,ITA,Italy,3.85,0.74,5.22,0.88,19.62
Jan 2014,ITA,Italy,3.85,0.74,5.22,0.83,12.94
Jan 2015,ITA,Italy,3.85,0.86,4.46,0.80,-6.87
Jan 2016,ITA,Italy,4,0.93,4.30,0.8,-12.8
Jul 2011,ITA,Italy,3.50,0.70,5.02,0.86,23.44
Jul 2012,ITA,Italy,3.60,0.82,4.36,0.83,0.85
Jul 2013,ITA,Italy,3.75,0.78,4.82,0.82,5.81
Jul 2014,ITA,Italy,3.85,0.74,5.18,0.80,8.10
Jul 2015,ITA,Italy,4,0.91,4.38,0.84,-8.51
Jul 2016,ITA,Italy,4,0.91,4.62,0.8,-8.3
Apr 2000,JPN,Japan,294.00,106.00,2.78,117.13,10.50
Apr 2001,JPN,Japan,294.00,124.00,2.38,115.75,-6.65
Apr 2002,JPN,Japan,262.00,130.00,2.01,105.22,-19.06
Apr 2003,JPN,Japan,262.00,120.00,2.18,96.68,-19.43
Jan 2006,JPN,Japan,250.00,114.31,2.19,79.37,-30.57
Jan 2007,JPN,Japan,280.00,121.59,2.30,86.96,-28.48
Jan 2010,JPN,Japan,320.00,91.54,3.50,89.39,-2.35
Jan 2012,JPN,Japan,320.00,76.92,4.16,76.24,-0.88
Jan 2013,JPN,Japan,320.00,91.07,3.51,73.27,-19.54
Jan 2014,JPN,Japan,310,104.25,2.97,67.04,-35.69
Jan 2015,JPN,Japan,370,117.77,3.14,77.24,-34.41
Jan 2016,JPN,Japan,370,118.65,3.12,75.1,-36.7
Jul 2009,JPN,Japan,320.00,92.57,3.46,89.64,-3.16
Jul 2010,JPN,Japan,320.00,87.18,3.67,85.71,-1.68
Jul 2011,JPN,Japan,320.00,78.37,4.08,78.72,0.45
Jul 2012,JPN,Japan,320.00,78.22,4.09,73.95,-5.46
Jul 2013,JPN,Japan,320,100.11,3.20,70.23,-29.85
Jul 2014,JPN,Japan,370,101.53,3.64,77.16,-24.00
Jul 2015,JPN,Japan,370,123.94,2.99,77.24,-37.67
Jul 2016,JPN,Japan,370,106.73,3.47,73.4,-31.2
Jun 2005,JPN,Japan,250.00,106.72,2.34,81.70,-23.44
Jun 2007,JPN,Japan,280.00,122.32,2.29,82.11,-32.87
Jun 2008,JPN,Japan,280.00,106.86,2.62,78.43,-26.60
May 2004,JPN,Japan,262.00,113.00,2.33,90.34,-20.05
May 2006,JPN,Japan,250.00,112.11,2.23,80.65,-28.06
Jan 2007,LVA,Latvia,1.35,0.55,2.47,0.42,-23.44
Jan 2010,LVA,Latvia,1.55,0.50,3.09,0.43,-13.46
Jan 2012,LVA,Latvia,1.65,0.55,3.00,0.39,-28.57
Jan 2013,LVA,Latvia,1.69,0.52,3.28,0.39,-24.90
Jul 2009,LVA,Latvia,1.55,0.50,3.09,0.43,-13.46
Jul 2010,LVA,Latvia,1.55,0.55,2.80,0.42,-24.91
Jul 2011,LVA,Latvia,1.60,0.49,3.23,0.39,-20.44
Jul 2012,LVA,Latvia,1.69,0.57,2.94,0.39,-32.01
Jul 2013,LVA,Latvia,1.69,0.55,3.09,0.37,-32.12
Jul 2015,LVA,Latvia,2.45,0.91,2.68,0.51,-43.96
Jun 2005,LVA,Latvia,1.09,0.57,1.92,0.36,-37.19
Jun 2007,LVA,Latvia,1.39,0.51,2.72,0.41,-20.21
Jun 2008,LVA,Latvia,1.55,0.44,3.50,0.43,-2.06
May 2004,LVA,Latvia,1.09,0.55,2.00,0.38,-31.14
May 2006,LVA,Latvia,1.35,0.55,2.47,0.44,-20.47
Jan 2007,LTU,Lithuania,6.50,2.69,2.41,2.02,-25.08
Jan 2010,LTU,Lithuania,7.10,2.48,2.87,1.99,-19.65
Jan 2012,LTU,Lithuania,7.80,2.72,2.87,1.86,-31.72
Jan 2013,LTU,Lithuania,7.80,2.54,3.07,1.79,-29.81
Jan 2014,LTU,Lithuania,8.8,2.55,3.46,1.90,-25.24
Jul 2009,LTU,Lithuania,7.10,2.48,2.87,1.99,-19.65
Jul 2010,LTU,Lithuania,7.30,2.69,2.71,1.96,-27.41
Jul 2011,LTU,Lithuania,7.30,2.41,3.03,1.80,-25.44
Jul 2012,LTU,Lithuania,7.80,2.85,2.74,1.80,-36.71
Jul 2013,LTU,Lithuania,8.6,2.69,3.20,1.89,-29.72
Jul 2014,LTU,Lithuania,8.95,2.56,3.49,1.87,-27.22
Jul 2015,LTU,Lithuania,2.59,0.91,2.84,0.54,-40.76
Jun 2005,LTU,Lithuania,6.50,2.81,2.31,2.12,-24.49
Jun 2007,LTU,Lithuania,6.60,2.53,2.61,1.94,-23.61
Jun 2008,LTU,Lithuania,6.90,2.18,3.17,1.93,-11.22
May 2004,LTU,Lithuania,6.50,2.87,2.26,2.24,-21.99
May 2006,LTU,Lithuania,6.50,2.69,2.41,2.10,-22.18
Apr 2000,MYS,Malaysia,4.52,3.80,1.19,1.80,-52.61
Apr 2001,MYS,Malaysia,4.52,3.80,1.19,1.78,-53.17
Apr 2002,MYS,Malaysia,5.04,3.80,1.33,2.02,-46.73
Apr 2003,MYS,Malaysia,5.04,3.80,1.33,1.86,-51.06
Jan 2006,MYS,Malaysia,5.50,3.75,1.47,1.75,-53.42
Jan 2007,MYS,Malaysia,5.50,3.50,1.57,1.71,-51.23
Jan 2010,MYS,Malaysia,7.05,3.39,2.08,1.97,-41.87
Jan 2012,MYS,Malaysia,7.35,3.14,2.34,1.75,-44.22
Jan 2013,MYS,Malaysia,7.95,3.08,2.58,1.82,-40.96
Jan 2014,MYS,Malaysia,7.4,3.32,2.23,1.60,-51.85
Jan 2015,MYS,Malaysia,7.63,3.62,2.11,1.59,-55.94
Jan 2016,MYS,Malaysia,8,4.39,1.82,1.6,-63.1
Jul 2009,MYS,Malaysia,6.77,3.60,1.88,1.90,-47.35
Jul 2010,MYS,Malaysia,7.05,3.21,2.19,1.89,-41.24
Jul 2011,MYS,Malaysia,7.20,2.97,2.42,1.77,-40.42
Jul 2012,MYS,Malaysia,7.40,3.17,2.33,1.71,-46.12
Jul 2013,MYS,Malaysia,7.3,3.18,2.30,1.60,-49.63
Jul 2014,MYS,Malaysia,7.63,3.17,2.41,1.59,-49.76
Jul 2015,MYS,Malaysia,7.65,3.81,2.01,1.60,-58.04
Jul 2016,MYS,Malaysia,8,4.03,1.99,1.6,-60.6
Jun 2005,MYS,Malaysia,5.25,3.80,1.38,1.72,-54.85
Jun 2007,MYS,Malaysia,5.50,3.43,1.60,1.61,-53.04
Jun 2008,MYS,Malaysia,5.50,3.24,1.70,1.54,-52.42
May 2004,MYS,Malaysia,5.04,3.80,1.33,1.74,-54.26
May 2006,MYS,Malaysia,5.50,3.63,1.52,1.77,-51.12
Apr 2000,MEX,Mexico,20.90,9.41,2.22,8.33,-11.51
Apr 2001,MEX,Mexico,21.90,9.29,2.36,8.62,-7.19
Apr 2002,MEX,Mexico,21.90,9.28,2.37,8.80,-5.22
Apr 2003,MEX,Mexico,23.00,10.53,2.14,8.49,-19.40
Jan 2006,MEX,Mexico,28.00,10.54,2.66,8.89,-15.69
Jan 2007,MEX,Mexico,29.00,10.89,2.66,9.01,-17.29
Jan 2010,MEX,Mexico,32.00,12.81,2.50,8.94,-30.24
Jan 2012,MEX,Mexico,37.00,13.68,2.70,8.82,-35.58
Jan 2013,MEX,Mexico,37.00,12.74,2.90,8.47,-33.49
Jan 2014,MEX,Mexico,37,13.33,2.78,8.00,-39.99
Jan 2015,MEX,Mexico,49,14.63,3.35,10.23,-30.07
Jan 2016,MEX,Mexico,49,17.44,2.81,9.9,-43.0
Jul 2009,MEX,Mexico,33.00,13.81,2.39,9.24,-33.07
Jul 2010,MEX,Mexico,32.00,12.78,2.50,8.57,-32.94
Jul 2011,MEX,Mexico,32.00,11.67,2.74,7.87,-32.55
Jul 2012,MEX,Mexico,37.00,13.69,2.70,8.55,-37.53
Jul 2013,MEX,Mexico,37,12.94,2.86,8.12,-37.25
Jul 2014,MEX,Mexico,42,12.93,3.25,8.76,-32.27
Jul 2015,MEX,Mexico,49,15.74,3.11,10.23,-35.01
Jul 2016,MEX,Mexico,44,18.54,2.37,8.7,-52.9
Jun 2005,MEX,Mexico,28.00,10.87,2.58,9.15,-15.80
Jun 2007,MEX,Mexico,29.00,10.77,2.69,8.50,-21.02
Jun 2008,MEX,Mexico,32.00,10.17,3.15,8.96,-11.85
May 2004,MEX,Mexico,24.00,11.60,2.08,8.28,-28.66
May 2006,MEX,Mexico,29.00,11.30,2.57,9.35,-17.24
Jan 2012,NLD,Netherlands,3.25,0.79,4.12,0.77,-1.77
Jan 2013,NLD,Netherlands,3.45,0.74,4.68,0.79,7.19
Jan 2014,NLD,Netherlands,3.45,0.74,4.68,0.75,1.20
Jan 2015,NLD,Netherlands,3.45,0.86,4.00,0.72,-16.55
Jan 2016,NLD,Netherlands,3,0.93,3.71,0.7,-24.8
Jul 2011,NLD,Netherlands,3.25,0.70,4.66,0.80,14.62
Jul 2012,NLD,Netherlands,3.38,0.82,4.10,0.78,-5.31
Jul 2013,NLD,Netherlands,3.45,0.78,4.44,0.76,-2.65
Jul 2014,NLD,Netherlands,3.45,0.74,4.64,0.72,-3.13
Jul 2015,NLD,Netherlands,3.45,0.91,3.78,0.72,-21.09
Jul 2016,NLD,Netherlands,3,0.91,3.80,0.7,-24.6
Apr 2000,NZL,New Zealand,3.40,2.01,1.69,1.35,-32.61
Apr 2001,NZL,New Zealand,3.60,2.47,1.46,1.42,-42.62
Apr 2002,NZL,New Zealand,3.60,2.24,1.77,1.45,-35.46
Apr 2003,NZL,New Zealand,3.95,1.78,2.15,1.46,-18.11
Jan 2006,NZL,New Zealand,4.45,1.45,3.08,1.41,-2.35
Jan 2007,NZL,New Zealand,4.60,1.43,3.22,1.43,0.04
Jan 2010,NZL,New Zealand,4.90,1.36,3.61,1.37,0.87
Jan 2012,NZL,New Zealand,5.10,1.26,4.05,1.22,-3.56
Jan 2013,NZL,New Zealand,5.20,1.20,4.32,1.19,-0.98
Jan 2014,NZL,New Zealand,5.5,1.20,4.57,1.19,-1.13
Jan 2015,NZL,New Zealand,5.9,1.31,4.49,1.23,-6.21
Jan 2016,NZL,New Zealand,6,1.51,3.91,1.2,-20.6
Jul 2009,NZL,New Zealand,4.90,1.59,3.08,1.37,-13.80
Jul 2010,NZL,New Zealand,5.00,1.39,3.59,1.34,-3.84
Jul 2011,NZL,New Zealand,5.10,1.16,4.41,1.25,8.52
Jul 2012,NZL,New Zealand,5.10,1.27,4.00,1.18,-7.46
Jul 2013,NZL,New Zealand,5.5,1.28,4.30,1.21,-5.65
Jul 2014,NZL,New Zealand,5.7,1.15,4.94,1.19,3.12
Jul 2015,NZL,New Zealand,5.9,1.51,3.91,1.23,-18.38
Jul 2016,NZL,New Zealand,6,1.42,4.22,1.2,-16.2
Jun 2005,NZL,New Zealand,4.45,1.40,3.17,1.45,3.70
Jun 2007,NZL,New Zealand,4.60,1.28,3.59,1.35,5.41
Jun 2008,NZL,New Zealand,4.90,1.32,3.72,1.37,4.16
May 2004,NZL,New Zealand,4.35,1.64,2.65,1.50,-8.54
May 2006,NZL,New Zealand,4.45,1.62,2.75,1.44,-11.45
Apr 2002,NOR,Norway,35.00,8.56,4.09,14.06,64.21
Jan 2007,NOR,Norway,41.50,6.10,6.80,12.89,111.20
Jan 2010,NOR,Norway,40.00,5.70,7.02,11.17,96.17
Jan 2012,NOR,Norway,41.00,6.04,6.79,9.77,61.73
Jan 2013,NOR,Norway,43.00,5.48,7.84,9.85,79.56
Jan 2014,NOR,Norway,48,6.16,7.80,10.38,68.58
Jan 2015,NOR,Norway,48,7.62,6.30,10.02,31.46
Jan 2016,NOR,Norway,47,8.97,5.21,9.5,5.8
Jul 2009,NOR,Norway,40.00,6.51,6.15,11.20,72.13
Jul 2010,NOR,Norway,45.00,6.25,7.20,12.05,92.97
Jul 2011,NOR,Norway,45.00,5.41,8.31,11.07,104.47
Jul 2012,NOR,Norway,43.00,6.09,7.06,9.94,63.11
Jul 2013,NOR,Norway,46,6.13,7.51,10.10,64.73
Jul 2014,NOR,Norway,48,6.19,7.76,10.01,61.79
Jul 2015,NOR,Norway,46,8.14,5.65,9.60,17.94
Jul 2016,NOR,Norway,47,8.49,5.51,9.3,9.3
Jun 2005,NOR,Norway,39.00,6.43,6.06,12.75,98.13
Jun 2007,NOR,Norway,40.00,5.81,6.88,11.73,101.76
Jun 2008,NOR,Norway,40.00,5.08,7.88,11.20,120.60
May 2004,NOR,Norway,35.50,6.85,5.18,12.24,78.73
May 2006,NOR,Norway,43.00,6.10,7.05,13.87,127.31
Jan 2007,PAK,Pakistan,140.00,60.06,2.33,43.48,-27.60
Jan 2010,PAK,Pakistan,200.00,82.60,2.42,56.02,-32.18
Jan 2012,PAK,Pakistan,260.00,90.05,2.89,61.95,-31.21
Jan 2013,PAK,Pakistan,290.00,97.67,2.97,66.40,-32.01
Jan 2014,PAK,Pakistan,320,105.42,3.04,69.20,-34.35
Jan 2015,PAK,Pakistan,300,100.74,2.98,62.63,-37.83
Jan 2016,PAK,Pakistan,300,104.89,2.86,60.9,-42.0
Jul 2009,PAK,Pakistan,190.00,82.60,2.30,53.22,-35.57
Jul 2010,PAK,Pakistan,210.00,85.53,2.46,56.25,-34.23
Jul 2011,PAK,Pakistan,205.13,86.35,2.38,50.46,-41.56
Jul 2012,PAK,Pakistan,285.00,94.61,3.01,65.86,-30.39
Jul 2013,PAK,Pakistan,300,100.04,3.00,65.84,-34.19
Jul 2014,PAK,Pakistan,300,98.68,3.04,62.57,-36.60
Jul 2015,PAK,Pakistan,350,101.70,3.44,73.07,-28.15
Jul 2016,PAK,Pakistan,375,104.82,3.58,74.4,-29.0
Jun 2005,PAK,Pakistan,130.00,59.62,2.18,42.48,-28.74
Jun 2007,PAK,Pakistan,140.00,60.37,2.32,41.06,-31.99
Jun 2008,PAK,Pakistan,140.00,70.90,1.97,39.22,-44.69
May 2004,PAK,Pakistan,110.00,57.76,1.90,37.93,-34.33
May 2006,PAK,Pakistan,130.00,60.06,2.16,41.94,-30.17
Apr 2002,PER,Peru,8.50,3.43,2.48,3.41,-0.48
Apr 2003,PER,Peru,7.90,3.46,2.28,2.92,-15.75
Jan 2006,PER,Peru,9.50,3.45,2.76,3.02,-12.48
Jan 2007,PER,Peru,9.50,3.19,2.98,2.95,-7.50
Jan 2010,PER,Peru,8.06,2.87,2.81,2.25,-21.61
Jan 2012,PER,Peru,10.00,2.69,3.71,2.38,-11.51
Jan 2013,PER,Peru,10.00,2.56,3.91,2.29,-10.54
Jan 2014,PER,Peru,10,2.81,3.56,2.16,-22.94
Jan 2015,PER,Peru,10,3.01,3.32,2.09,-30.60
Jan 2016,PER,Peru,10,3.42,2.93,2.0,-40.7
Jul 2009,PER,Peru,8.06,3.03,2.66,2.26,-25.46
Jul 2010,PER,Peru,10.00,2.83,3.54,2.68,-5.27
Jul 2011,PER,Peru,10.00,2.74,3.65,2.46,-10.14
Jul 2013,PER,Peru,10,2.78,3.59,2.19,-21.14
Jul 2014,PER,Peru,10,2.79,3.59,2.09,-25.20
Jul 2015,PER,Peru,10,3.18,3.14,2.09,-34.42
Jul 2016,PER,Peru,10,3.31,3.02,2.0,-40.0
Jun 2005,PER,Peru,8.99,3.25,2.76,2.94,-9.73
Jun 2007,PER,Peru,9.50,3.17,3.00,2.79,-12.03
Jun 2008,PER,Peru,9.50,2.84,3.35,2.66,-6.30
May 2004,PER,Peru,8.99,3.49,2.57,3.10,-11.17
May 2006,PER,Peru,9.50,3.26,2.91,3.06,-6.03
Apr 2001,PHL,Philippines,59.00,50.30,1.17,23.23,-53.82
Apr 2002,PHL,Philippines,65.00,51.00,1.28,26.10,-48.81
Apr 2003,PHL,Philippines,65.00,52.50,1.23,23.99,-54.31
Jan 2006,PHL,Philippines,82.00,52.58,1.56,26.03,-50.49
Jan 2007,PHL,Philippines,85.00,49.05,1.73,26.40,-46.18
Jan 2010,PHL,Philippines,101.52,45.92,2.21,28.36,-38.25
Jan 2012,PHL,Philippines,118.00,44.01,2.68,28.11,-36.11
Jan 2013,PHL,Philippines,118.00,40.60,2.91,27.02,-33.45
Jan 2014,PHL,Philippines,135,45.23,2.98,29.19,-35.45
Jan 2015,PHL,Philippines,163,44.41,3.67,34.03,-23.37
Jan 2016,PHL,Philippines,131,47.02,2.79,26.6,-43.5
Jul 2009,PHL,Philippines,99.39,48.39,2.05,27.84,-42.46
Jul 2010,PHL,Philippines,102.00,46.47,2.19,27.32,-41.21
Jul 2011,PHL,Philippines,118.00,42.41,2.78,29.03,-31.55
Jul 2012,PHL,Philippines,118.00,42.20,2.80,27.27,-35.39
Jul 2013,PHL,Philippines,115.21,43.44,2.65,25.28,-41.80
Jul 2014,PHL,Philippines,160,43.21,3.70,33.37,-22.77
Jul 2015,PHL,Philippines,163,45.21,3.61,34.03,-24.73
Jul 2016,PHL,Philippines,133,47.12,2.82,26.4,-44.0
Jun 2005,PHL,Philippines,80.00,54.55,1.47,26.14,-52.07
Jun 2007,PHL,Philippines,85.00,45.90,1.85,24.93,-45.69
Jun 2008,PHL,Philippines,87.00,44.49,1.96,24.37,-45.22
May 2004,PHL,Philippines,69.00,55.90,1.23,23.79,-57.44
May 2006,PHL,Philippines,85.00,52.63,1.62,27.42,-47.90
Apr 2000,POL,Poland,5.50,4.30,1.28,2.19,-49.04
Apr 2001,POL,Poland,5.90,4.03,1.46,2.32,-42.36
Apr 2002,POL,Poland,5.90,4.04,1.46,2.37,-41.35
Apr 2003,POL,Poland,6.30,3.89,1.56,2.32,-40.24
Jan 2006,POL,Poland,6.50,3.12,2.09,2.06,-33.76
Jan 2007,POL,Poland,6.90,2.97,2.32,2.14,-27.89
Jan 2010,POL,Poland,8.10,2.84,2.86,2.26,-20.21
Jan 2012,POL,Poland,9.10,3.52,2.58,2.17,-38.41
Jan 2013,POL,Poland,9.10,3.09,2.94,2.08,-32.61
Jan 2014,POL,Poland,9.2,3.07,3.00,1.99,-35.16
Jan 2015,POL,Poland,9.2,3.71,2.48,1.92,-48.18
Jan 2016,POL,Poland,10,4.05,2.37,1.9,-51.9
Jul 2009,POL,Poland,7.60,3.16,2.41,2.13,-32.53
Jul 2010,POL,Poland,8.30,3.20,2.60,2.22,-30.46
Jul 2011,POL,Poland,8.63,2.80,3.09,2.12,-24.09
Jul 2012,POL,Poland,9.10,3.46,2.63,2.10,-39.23
Jul 2013,POL,Poland,9.2,3.37,2.73,2.02,-40.01
Jul 2014,POL,Poland,9.2,3.07,3.00,1.92,-37.53
Jul 2015,POL,Poland,9.6,3.77,2.54,2.00,-46.89
Jul 2016,POL,Poland,10,3.97,2.42,1.9,-52.0
Jun 2005,POL,Poland,6.50,3.31,1.96,2.12,-35.82
Jun 2007,POL,Poland,6.90,2.75,2.51,2.02,-26.47
Jun 2008,POL,Poland,7.00,2.03,3.45,1.96,-3.48
May 2004,POL,Poland,6.30,3.87,1.63,2.17,-43.87
May 2006,POL,Poland,6.50,3.10,2.10,2.10,-32.34
Jan 2012,PRT,Portugal,2.90,0.79,3.68,0.69,-12.34
Jan 2013,PRT,Portugal,2.95,0.74,4.00,0.68,-8.34
Jan 2014,PRT,Portugal,3,0.74,4.07,0.65,-12.00
Jan 2015,PRT,Portugal,3,0.86,3.48,0.63,-27.43
Jan 2016,PRT,Portugal,3,0.93,3.23,0.6,-34.6
Jul 2011,PRT,Portugal,2.90,0.70,4.16,0.71,2.28
Jul 2012,PRT,Portugal,4.95,0.82,6.00,1.14,38.67
Jul 2013,PRT,Portugal,2.95,0.78,3.79,0.65,-16.76
Jul 2014,PRT,Portugal,3,0.74,4.04,0.63,-15.77
Jul 2015,PRT,Portugal,3,0.91,3.29,0.63,-31.38
Jul 2016,PRT,Portugal,3,0.91,3.36,0.6,-33.4
Apr 2000,RUS,Russia,39.50,28.50,1.39,15.74,-44.78
Apr 2001,RUS,Russia,35.00,28.90,1.21,13.78,-52.32
Apr 2002,RUS,Russia,39.00,31.20,1.25,15.66,-49.80
Apr 2003,RUS,Russia,41.00,31.10,1.31,15.13,-51.35
Jan 2006,RUS,Russia,46.00,28.67,1.60,14.60,-49.06
Jan 2007,RUS,Russia,49.00,26.53,1.85,15.22,-42.65
Jan 2010,RUS,Russia,70.00,29.93,2.34,19.55,-34.66
Jan 2012,RUS,Russia,81.00,31.77,2.55,19.30,-39.25
Jan 2013,RUS,Russia,72.88,30.05,2.43,16.69,-44.46
Jan 2014,RUS,Russia,89,33.94,2.62,19.25,-43.29
Jan 2015,RUS,Russia,89,65.23,1.36,18.58,-71.51
Jan 2016,RUS,Russia,114,74.66,1.53,23.1,-69.0
Jul 2009,RUS,Russia,67.00,32.80,2.04,18.77,-42.77
Jul 2010,RUS,Russia,71.00,30.44,2.33,19.02,-37.53
Jul 2011,RUS,Russia,75.00,27.75,2.70,18.45,-33.52
Jul 2012,RUS,Russia,75.00,32.77,2.29,17.33,-47.11
Jul 2013,RUS,Russia,87,32.94,2.64,19.09,-42.04
Jul 2014,RUS,Russia,89,34.84,2.55,18.56,-46.72
Jul 2015,RUS,Russia,107,56.82,1.88,22.34,-60.68
Jul 2016,RUS,Russia,130,63.41,2.05,25.8,-59.3
Jun 2005,RUS,Russia,42.00,28.41,1.48,13.73,-51.68
Jun 2007,RUS,Russia,52.00,25.65,2.03,15.25,-40.54
Jun 2008,RUS,Russia,59.00,23.23,2.54,16.53,-28.87
May 2004,RUS,Russia,42.00,29.00,1.45,14.48,-50.06
May 2006,RUS,Russia,48.00,27.06,1.77,15.48,-42.79
Jan 2007,SAU,Saudi Arabia,9.00,3.75,2.40,2.80,-25.45
Jan 2010,SAU,Saudi Arabia,10.00,3.75,2.67,2.79,-25.52
Jan 2012,SAU,Saudi Arabia,10.00,3.75,2.67,2.38,-36.47
Jan 2013,SAU,Saudi Arabia,11.00,3.75,2.93,2.52,-32.84
Jan 2014,SAU,Saudi Arabia,11,3.75,2.93,2.38,-36.57
Jan 2015,SAU,Saudi Arabia,11,3.76,2.93,2.30,-38.87
Jan 2016,SAU,Saudi Arabia,12,3.75,3.20,2.4,-35.2
Jul 2009,SAU,Saudi Arabia,11.00,3.75,2.93,3.08,-17.84
Jul 2010,SAU,Saudi Arabia,10.00,3.75,2.67,2.68,-28.58
Jul 2011,SAU,Saudi Arabia,10.00,3.75,2.67,2.46,-34.40
Jul 2012,SAU,Saudi Arabia,10.00,3.75,2.67,2.31,-38.38
Jul 2013,SAU,Saudi Arabia,10,3.75,2.67,2.19,-41.48
Jul 2014,SAU,Saudi Arabia,11,3.75,2.93,2.29,-38.83
Jul 2015,SAU,Saudi Arabia,12,3.75,3.20,2.51,-33.20
Jul 2016,SAU,Saudi Arabia,12,3.75,3.20,2.4,-36.5
Jun 2005,SAU,Saudi Arabia,9.00,3.75,2.40,2.94,-21.57
Jun 2007,SAU,Saudi Arabia,9.00,3.75,2.40,2.64,-29.63
Jun 2008,SAU,Saudi Arabia,10.00,3.75,2.67,2.80,-25.29
May 2004,SAU,Saudi Arabia,2.40,3.75,0.64,0.83,-77.93
May 2006,SAU,Saudi Arabia,9.00,3.75,2.40,2.90,-22.56
Apr 2000,ZAF,South Africa,9.00,6.72,1.34,3.59,-46.64
Apr 2001,ZAF,South Africa,9.70,8.13,1.19,3.82,-53.03
Apr 2002,ZAF,South Africa,9.70,10.90,0.87,3.90,-64.26
Apr 2003,ZAF,South Africa,13.95,7.56,1.74,5.15,-31.91
Jan 2006,ZAF,South Africa,13.95,6.08,2.29,4.43,-27.17
Jan 2007,ZAF,South Africa,15.50,7.11,2.18,4.81,-32.29
Jan 2010,ZAF,South Africa,17.95,7.30,2.46,5.01,-31.36
Jan 2012,ZAF,South Africa,19.95,8.13,2.45,4.75,-41.54
Jan 2013,ZAF,South Africa,20.90,9.05,2.31,4.79,-47.10
Jan 2014,ZAF,South Africa,23.5,10.88,2.16,5.08,-53.28
Jan 2015,ZAF,South Africa,25.5,11.48,2.22,5.32,-53.62
Jan 2016,ZAF,South Africa,28,15.81,1.77,5.7,-64.1
Jul 2009,ZAF,South Africa,17.95,8.28,2.17,5.03,-39.28
Jul 2010,ZAF,South Africa,18.45,7.54,2.45,4.94,-34.43
Jul 2011,ZAF,South Africa,19.45,6.77,2.87,4.78,-29.31
Jul 2012,ZAF,South Africa,19.95,8.47,2.36,4.61,-45.56
Jul 2013,ZAF,South Africa,22.5,10.05,2.24,4.94,-50.85
Jul 2014,ZAF,South Africa,24.5,10.51,2.33,5.11,-51.41
Jul 2015,ZAF,South Africa,26,12.41,2.09,5.43,-56.28
Jul 2016,ZAF,South Africa,30,14.27,2.10,6.0,-58.3
Jun 2005,ZAF,South Africa,13.95,6.65,2.10,4.56,-31.43
Jun 2007,ZAF,South Africa,15.50,6.97,2.22,4.55,-34.79
Jun 2008,ZAF,South Africa,16.95,7.56,2.24,4.75,-37.22
May 2004,ZAF,South Africa,12.40,6.66,1.86,4.28,-35.80
May 2006,ZAF,South Africa,13.95,6.60,2.11,4.50,-31.79
Apr 2000,KOR,South Korea,3000.00,1108.00,2.71,1195.22,7.87
Apr 2001,KOR,South Korea,3000.00,1325.00,2.27,1181.10,-10.86
Apr 2002,KOR,South Korea,3100.00,1304.00,2.36,1244.98,-4.53
Apr 2003,KOR,South Korea,3300.00,1220.00,2.63,1217.71,-0.19
Jan 2006,KOR,South Korea,2500.00,977.45,2.56,793.65,-18.80
Jan 2007,KOR,South Korea,2900.00,940.15,3.08,900.62,-4.20
Jan 2010,KOR,South Korea,3400.00,1140.50,2.98,949.72,-16.73
Jan 2012,KOR,South Korea,3700.00,1158.75,3.19,881.54,-23.92
Jan 2013,KOR,South Korea,3700.00,1085.48,3.41,847.19,-21.95
Jan 2014,KOR,South Korea,3700,1067.30,3.47,800.14,-25.03
Jan 2015,KOR,South Korea,4100,1083.30,3.78,855.95,-20.99
Jan 2016,KOR,South Korea,4300,1197.75,3.59,872.2,-27.2
Jul 2009,KOR,South Korea,3400.00,1314.50,2.59,952.38,-27.55
Jul 2010,KOR,South Korea,3400.00,1204.45,2.82,910.71,-24.39
Jul 2011,KOR,South Korea,3700.00,1056.20,3.50,910.21,-13.82
Jul 2012,KOR,South Korea,3700.00,1151.00,3.21,855.00,-25.72
Jul 2013,KOR,South Korea,3900,1135.70,3.43,855.89,-24.64
Jul 2014,KOR,South Korea,4100,1023.75,4.00,855.06,-16.48
Jul 2015,KOR,South Korea,4300,1143.50,3.76,897.70,-21.50
Jul 2016,KOR,South Korea,4400,1140.95,3.86,873.0,-23.5
Jun 2005,KOR,South Korea,2500.00,1005.50,2.49,816.99,-18.75
Jun 2007,KOR,South Korea,2900.00,922.50,3.14,850.44,-7.81
Jun 2008,KOR,South Korea,3200.00,1018.05,3.14,896.36,-11.95
May 2004,KOR,South Korea,3200.00,1177.00,2.72,1103.45,-6.25
May 2006,KOR,South Korea,2500.00,952.40,2.62,806.45,-15.32
Jan 2012,ESP,Spain,3.50,0.79,4.44,0.83,5.79
Jan 2013,ESP,Spain,3.50,0.74,4.75,0.80,8.75
Jan 2014,ESP,Spain,3.65,0.74,4.95,0.79,7.07
Jan 2015,ESP,Spain,3.65,0.86,4.23,0.76,-11.71
Jan 2016,ESP,Spain,4,0.93,3.76,0.7,-23.7
Jul 2011,ESP,Spain,3.50,0.70,5.02,0.86,23.44
Jul 2012,ESP,Spain,3.50,0.82,4.24,0.81,-1.95
Jul 2013,ESP,Spain,3.5,0.78,4.50,0.77,-1.24
Jul 2014,ESP,Spain,3.65,0.74,4.91,0.76,2.49
Jul 2015,ESP,Spain,3.65,0.91,4.00,0.76,-16.51
Jul 2016,ESP,Spain,4,0.91,3.85,0.7,-23.5
Jan 2007,LKA,Sri Lanka,190.00,102.96,1.85,59.01,-42.69
Jan 2010,LKA,Sri Lanka,210.00,114.86,1.83,58.82,-48.79
Jan 2012,LKA,Sri Lanka,290.00,113.93,2.55,69.09,-39.35
Jan 2013,LKA,Sri Lanka,350.00,126.45,2.77,80.14,-36.62
Jan 2014,LKA,Sri Lanka,350,130.80,2.68,75.69,-42.13
Jan 2015,LKA,Sri Lanka,350,131.88,2.65,73.07,-44.59
Jan 2016,LKA,Sri Lanka,350,144.05,2.43,71.0,-50.7
Jul 2009,LKA,Sri Lanka,210.00,114.86,1.83,58.82,-48.79
Jul 2010,LKA,Sri Lanka,210.00,112.78,1.86,56.25,-50.12
Jul 2011,LKA,Sri Lanka,280.00,109.48,2.56,68.88,-37.08
Jul 2012,LKA,Sri Lanka,290.00,131.00,2.21,67.01,-48.84
Jul 2013,LKA,Sri Lanka,370,130.80,2.83,81.20,-37.92
Jul 2014,LKA,Sri Lanka,350,130.26,2.69,72.99,-43.96
Jul 2015,LKA,Sri Lanka,350,133.85,2.61,73.07,-45.41
Jul 2016,LKA,Sri Lanka,530,146.20,3.63,105.2,-28.1
Jun 2005,LKA,Sri Lanka,175.00,99.95,1.75,57.19,-42.78
Jun 2007,LKA,Sri Lanka,210.00,111.40,1.89,61.58,-44.72
Jun 2008,LKA,Sri Lanka,210.00,107.55,1.95,58.82,-45.31
May 2004,LKA,Sri Lanka,140.00,99.00,1.41,48.28,-51.24
May 2006,LKA,Sri Lanka,190.00,102.96,1.85,61.29,-40.47
Apr 2000,SWE,Sweden,24.00,8.84,2.71,9.56,8.16
Apr 2001,SWE,Sweden,24.00,10.28,2.33,9.45,-8.09
Apr 2002,SWE,Sweden,26.00,10.40,2.52,10.44,0.40
Apr 2003,SWE,Sweden,30.00,8.34,3.50,11.07,32.74
Jan 2006,SWE,Sweden,33.00,7.71,4.28,10.48,35.84
Jan 2007,SWE,Sweden,32.00,7.04,4.54,9.94,41.14
Jan 2010,SWE,Sweden,39.00,7.08,5.51,10.89,53.82
Jan 2012,SWE,Sweden,41.00,6.93,5.91,9.77,40.88
Jan 2013,SWE,Sweden,40.56,6.35,6.39,9.29,46.27
Jan 2014,SWE,Sweden,40.7,6.47,6.29,8.80,35.97
Jan 2015,SWE,Sweden,40.7,8.19,4.97,8.50,3.73
Jan 2016,SWE,Sweden,45,8.60,5.23,9.1,6.1
Jul 2009,SWE,Sweden,39.00,7.91,4.93,10.92,38.12
Jul 2010,SWE,Sweden,48.40,7.37,6.56,12.96,75.82
Jul 2011,SWE,Sweden,48.40,6.34,7.64,11.91,87.94
Jul 2012,SWE,Sweden,39.97,6.98,5.73,9.24,32.38
Jul 2013,SWE,Sweden,41.61,6.76,6.16,9.13,35.12
Jul 2014,SWE,Sweden,40.7,6.84,5.95,8.49,24.17
Jul 2015,SWE,Sweden,43.7,8.52,5.13,9.12,7.05
Jul 2016,SWE,Sweden,45,8.59,5.23,8.9,3.7
Jun 2005,SWE,Sweden,31.00,7.44,4.17,10.13,36.16
Jun 2007,SWE,Sweden,33.00,6.79,4.86,9.68,42.49
Jun 2008,SWE,Sweden,38.00,5.96,6.37,10.64,78.57
May 2004,SWE,Sweden,30.00,7.61,3.94,10.34,35.94
May 2006,SWE,Sweden,33.00,7.28,4.53,10.65,46.13
Apr 2000,CHE,Switzerland,5.90,1.70,3.48,2.35,38.27
Apr 2001,CHE,Switzerland,6.30,1.73,3.65,2.48,43.37
Apr 2002,CHE,Switzerland,6.30,1.66,3.81,2.53,52.42
Apr 2003,CHE,Switzerland,6.30,1.37,4.52,2.32,69.69
Jan 2006,CHE,Switzerland,6.30,1.28,4.93,2.00,56.54
Jan 2007,CHE,Switzerland,6.30,1.25,5.05,1.96,56.71
Jan 2010,CHE,Switzerland,6.50,1.03,6.30,1.82,76.08
Jan 2012,CHE,Switzerland,6.50,0.96,6.81,1.55,62.14
Jan 2013,CHE,Switzerland,6.50,0.91,7.12,1.49,63.14
Jan 2014,CHE,Switzerland,6.5,0.91,7.14,1.41,54.46
Jan 2015,CHE,Switzerland,6.5,0.86,7.54,1.36,57.49
Jan 2016,CHE,Switzerland,7,1.01,6.44,1.3,30.7
Jul 2009,CHE,Switzerland,6.50,1.09,5.98,1.82,67.65
Jul 2010,CHE,Switzerland,6.50,1.05,6.19,1.74,65.68
Jul 2011,CHE,Switzerland,6.50,0.81,8.06,1.60,98.35
Jul 2012,CHE,Switzerland,6.50,0.99,6.56,1.50,51.63
Jul 2013,CHE,Switzerland,6.5,0.97,6.72,1.43,47.46
Jul 2014,CHE,Switzerland,6.16,0.90,6.83,1.28,42.36
Jul 2015,CHE,Switzerland,6.5,0.95,6.82,1.36,42.42
Jul 2016,CHE,Switzerland,7,0.99,6.59,1.3,30.8
Jun 2005,CHE,Switzerland,6.30,1.25,5.05,2.06,65.04
Jun 2007,CHE,Switzerland,6.30,1.21,5.20,1.85,52.54
Jun 2008,CHE,Switzerland,6.50,1.02,6.36,1.82,78.13
May 2004,CHE,Switzerland,6.30,1.29,4.90,2.17,68.40
May 2006,CHE,Switzerland,6.30,1.21,5.21,2.03,68.11
Apr 2000,TWN,Taiwan,70.00,30.60,2.29,27.89,-8.86
Apr 2001,TWN,Taiwan,70.00,32.90,2.13,27.56,-16.23
Apr 2002,TWN,Taiwan,70.00,34.80,2.01,28.11,-19.22
Apr 2003,TWN,Taiwan,70.00,34.80,2.01,25.83,-25.78
Jan 2006,TWN,Taiwan,75.00,31.95,2.35,23.81,-25.48
Jan 2007,TWN,Taiwan,75.00,32.93,2.28,23.29,-29.26
Jan 2010,TWN,Taiwan,75.00,31.84,2.36,20.95,-34.21
Jan 2012,TWN,Taiwan,75.00,29.98,2.50,17.87,-40.40
Jan 2013,TWN,Taiwan,75.00,29.50,2.54,17.17,-41.79
Jan 2014,TWN,Taiwan,79,30.16,2.62,17.08,-43.36
Jan 2015,TWN,Taiwan,79,31.49,2.51,16.49,-47.63
Jan 2016,TWN,Taiwan,69,33.23,2.08,14.0,-57.9
Jul 2009,TWN,Taiwan,75.00,33.18,2.26,21.01,-36.67
Jul 2010,TWN,Taiwan,75.00,32.11,2.34,20.09,-37.43
Jul 2011,TWN,Taiwan,75.00,28.83,2.60,18.45,-36.01
Jul 2012,TWN,Taiwan,75.00,30.20,2.48,17.33,-42.60
Jul 2013,TWN,Taiwan,79,30.03,2.63,17.34,-42.26
Jul 2014,TWN,Taiwan,79,29.98,2.63,16.48,-45.05
Jul 2015,TWN,Taiwan,79,31.02,2.55,16.49,-46.83
Jul 2016,TWN,Taiwan,69,32.03,2.15,13.7,-57.3
Jun 2005,TWN,Taiwan,75.00,31.18,2.41,24.51,-21.38
Jun 2007,TWN,Taiwan,75.00,32.77,2.29,21.99,-32.88
Jun 2008,TWN,Taiwan,75.00,30.36,2.47,21.01,-30.81
May 2004,TWN,Taiwan,75.00,33.40,2.24,25.86,-22.57
May 2006,TWN,Taiwan,75.00,32.14,2.33,24.19,-24.73
Apr 2000,THA,Thailand,55.00,38.00,1.45,21.91,-42.34
Apr 2001,THA,Thailand,55.00,45.50,1.21,21.65,-52.41
Apr 2002,THA,Thailand,55.00,43.30,1.27,22.09,-48.99
Apr 2003,THA,Thailand,59.00,42.70,1.37,21.77,-49.01
Jan 2006,THA,Thailand,60.00,39.76,1.51,19.05,-52.09
Jan 2007,THA,Thailand,62.00,35.30,1.76,19.25,-45.45
Jan 2010,THA,Thailand,70.00,33.14,2.11,19.55,-40.99
Jan 2012,THA,Thailand,78.00,31.75,2.46,18.58,-41.47
Jan 2013,THA,Thailand,87.00,29.76,2.92,19.92,-33.05
Jan 2014,THA,Thailand,96,32.88,2.92,20.76,-36.85
Jan 2015,THA,Thailand,99,32.61,3.04,20.67,-36.61
Jan 2016,THA,Thailand,112,36.22,3.09,22.7,-37.3
Jul 2009,THA,Thailand,64.49,34.17,1.89,18.06,-47.13
Jul 2010,THA,Thailand,70.00,32.31,2.17,18.75,-41.96
Jul 2011,THA,Thailand,70.00,29.75,2.35,17.22,-42.12
Jul 2012,THA,Thailand,82.00,31.70,2.59,18.95,-40.23
Jul 2013,THA,Thailand,89,31.28,2.85,19.53,-37.55
Jul 2014,THA,Thailand,99,31.78,3.12,20.65,-35.03
Jul 2015,THA,Thailand,108,34.09,3.17,22.55,-33.86
Jul 2016,THA,Thailand,119,34.97,3.40,23.6,-32.5
Jun 2005,THA,Thailand,60.00,40.53,1.48,19.61,-51.62
Jun 2007,THA,Thailand,62.00,34.46,1.80,18.18,-47.23
Jun 2008,THA,Thailand,62.00,33.36,1.86,17.37,-47.94
May 2004,THA,Thailand,59.00,40.80,1.45,20.34,-50.14
May 2006,THA,Thailand,60.00,38.45,1.56,19.35,-49.66
Apr 2002,TUR,Turkey,4000000.00,1324500.00,3.06,1606425.70,21.29
Apr 2003,TUR,Turkey,3750000.00,1600500.00,2.28,1383763.84,-13.54
Jan 2006,TUR,Turkey,4.10,1.34,3.07,1.30,-2.61
Jan 2007,TUR,Turkey,4.55,1.41,3.23,1.41,0.23
Jan 2010,TUR,Turkey,5.65,1.47,3.83,1.58,7.03
Jan 2012,TUR,Turkey,6.60,1.86,3.54,1.57,-15.59
Jan 2013,TUR,Turkey,8.45,1.77,4.78,1.93,9.39
Jan 2014,TUR,Turkey,8.5,2.26,3.76,1.84,-18.72
Jan 2015,TUR,Turkey,9.25,2.33,3.96,1.93,-17.24
Jan 2016,TUR,Turkey,10,3.01,3.41,2.1,-30.9
Jul 2009,TUR,Turkey,5.65,1.55,3.65,1.58,2.10
Jul 2010,TUR,Turkey,5.95,1.53,3.89,1.59,4.21
Jul 2011,TUR,Turkey,6.50,1.72,3.77,1.60,-7.19
Jul 2012,TUR,Turkey,8.25,1.83,4.52,1.91,4.35
Jul 2013,TUR,Turkey,8.5,1.96,4.34,1.87,-4.70
Jul 2014,TUR,Turkey,9.25,2.09,4.42,1.93,-7.75
Jul 2015,TUR,Turkey,10.25,2.65,3.87,2.14,-19.12
Jul 2016,TUR,Turkey,11,3.04,3.53,2.1,-29.9
Jun 2005,TUR,Turkey,4.00,1.37,2.92,1.31,-4.52
Jun 2007,TUR,Turkey,4.75,1.30,3.66,1.39,7.31
Jun 2008,TUR,Turkey,5.15,1.19,4.32,1.44,20.95
May 2004,TUR,Turkey,3950000.00,1531000.00,2.58,1362068.97,-11.03
May 2006,TUR,Turkey,4.20,1.54,2.72,1.35,-12.11
Jan 2007,ARE,UAE,10.00,3.67,2.72,3.11,-15.44
Jan 2010,ARE,UAE,11.00,3.67,2.99,3.07,-16.35
Jan 2012,ARE,UAE,12.00,3.67,3.27,2.86,-22.16
Jan 2013,ARE,UAE,12.00,3.67,3.27,2.75,-25.19
Jan 2014,ARE,UAE,12,3.67,3.27,2.60,-29.35
Jan 2015,ARE,UAE,13,3.67,3.54,2.71,-26.11
Jan 2016,ARE,UAE,13,3.67,3.54,2.6,-28.2
Jul 2009,ARE,UAE,10.00,3.67,2.72,2.80,-23.74
Jul 2010,ARE,UAE,11.00,3.67,2.99,2.95,-19.78
Jul 2011,ARE,UAE,12.00,3.67,3.27,2.95,-19.63
Jul 2012,ARE,UAE,12.00,3.67,3.27,2.77,-24.50
Jul 2013,ARE,UAE,12,3.67,3.27,2.63,-28.30
Jul 2014,ARE,UAE,13,3.67,3.54,2.71,-26.19
Jul 2015,ARE,UAE,13,3.67,3.54,2.71,-26.11
Jul 2016,ARE,UAE,13,3.67,3.54,2.6,-29.8
Jun 2005,ARE,UAE,9.00,3.67,2.45,2.94,-19.91
Jun 2007,ARE,UAE,10.00,3.67,2.72,2.93,-20.16
Jun 2008,ARE,UAE,10.00,3.67,2.72,2.80,-23.73
May 2006,ARE,UAE,9.00,3.67,2.45,2.90,-20.95
Jan 2007,UKR,Ukraine,9.00,5.05,1.78,2.80,-44.65
Jan 2010,UKR,Ukraine,14.00,7.66,1.83,3.92,-48.80
Jan 2012,UKR,Ukraine,17.00,8.04,2.11,4.05,-49.63
Jan 2013,UKR,Ukraine,19.00,8.14,2.33,4.35,-46.58
Jan 2014,UKR,Ukraine,19,8.38,2.27,4.11,-50.96
Jan 2015,UKR,Ukraine,19,15.82,1.20,3.97,-74.93
Jan 2016,UKR,Ukraine,36,23.35,1.54,7.3,-68.7
Jul 2009,UKR,Ukraine,14.00,7.66,1.83,3.92,-48.80
Jul 2010,UKR,Ukraine,14.50,7.90,1.84,3.88,-50.83
Jul 2011,UKR,Ukraine,16.50,7.99,2.06,4.06,-49.22
Jul 2012,UKR,Ukraine,15.00,8.09,1.86,3.47,-57.13
Jul 2013,UKR,Ukraine,19,8.16,2.33,4.17,-48.87
Jul 2014,UKR,Ukraine,19,11.69,1.63,3.96,-66.09
Jul 2015,UKR,Ukraine,34,21.95,1.55,7.10,-67.66
Jul 2016,UKR,Ukraine,39,24.80,1.57,7.7,-68.8
Jun 2005,UKR,Ukraine,7.25,5.06,1.43,2.37,-53.18
Jun 2007,UKR,Ukraine,9.25,5.03,1.84,2.71,-46.04
Jun 2008,UKR,Ukraine,11.00,4.60,2.39,3.08,-33.02
May 2004,UKR,Ukraine,7.25,5.33,1.36,2.50,-53.11
May 2006,UKR,Ukraine,8.50,5.05,1.68,2.74,-45.70
Apr 2000,USA,United States,2.51,1.00,2.51,1.00,0.00
Apr 2001,USA,United States,2.54,1.00,2.54,1.00,0.00
Apr 2002,USA,United States,2.49,1.00,2.49,1.00,0.00
Apr 2003,USA,United States,2.71,1.00,2.71,1.00,0.00
Jan 2006,USA,United States,3.15,1.00,3.15,1.00,0.00
Jan 2007,USA,United States,3.22,1.00,3.22,1.00,0.00
Jan 2010,USA,United States,3.58,1.00,3.58,1.00,0.00
Jan 2012,USA,United States,4.20,1.00,4.20,1.00,0.00
Jan 2013,USA,United States,4.37,1.00,4.37,1.00,0.00
Jan 2014,USA,United States,4.62,1.00,4.62,1.00,0.00
Jan 2015,USA,United States,4.79,1.00,4.79,1.00,0.00
Jan 2016,USA,United States,5,1.00,4.93,1.0,0.0
Jul 2009,USA,United States,3.57,1.00,3.57,1.00,0.00
Jul 2010,USA,United States,3.73,1.00,3.73,1.00,0.00
Jul 2011,USA,United States,4.07,1.00,4.07,1.00,0.00
Jul 2012,USA,United States,4.33,1.00,4.33,1.00,0.00
Jul 2013,USA,United States,4.56,1.00,4.56,1.00,0.00
Jul 2014,USA,United States,4.795,1.00,4.80,1.00,0.00
Jul 2015,USA,United States,4.79,1.00,4.79,1.00,0.00
Jul 2016,USA,United States,5,1.00,5.04,1.0,0.0
Jun 2005,USA,United States,3.06,1.00,3.06,1.00,0.00
Jun 2007,USA,United States,3.41,1.00,3.41,1.00,0.00
Jun 2008,USA,United States,3.57,1.00,3.57,1.00,0.00
May 2004,USA,United States,2.90,1.00,2.90,1.00,0.00
May 2006,USA,United States,3.10,1.00,3.10,1.00,0.00
Jan 2007,URY,Uruguay,55.00,23.93,2.30,17.08,-28.61
Jan 2010,URY,Uruguay,77.00,23.17,3.32,21.57,-6.91
Jan 2012,URY,Uruguay,90.00,19.45,4.63,21.44,10.25
Jan 2013,URY,Uruguay,105.00,19.28,5.45,24.04,24.70
Jan 2014,URY,Uruguay,105,21.38,4.91,22.71,6.21
Jan 2015,URY,Uruguay,113,24.43,4.63,23.59,-3.42
Jan 2016,URY,Uruguay,113,30.19,3.74,22.9,-24.1
Jul 2009,URY,Uruguay,61.00,23.17,2.63,17.09,-26.25
Jul 2010,URY,Uruguay,79.00,21.10,3.74,21.16,0.29
Jul 2011,URY,Uruguay,90.00,18.45,4.88,22.14,20.00
Jul 2012,URY,Uruguay,99.00,21.87,4.53,22.88,4.60
Jul 2013,URY,Uruguay,105,21.09,4.98,23.04,9.29
Jul 2014,URY,Uruguay,113,22.97,4.92,23.57,2.60
Jul 2015,URY,Uruguay,113,27.35,4.13,23.59,-13.73
Jul 2016,URY,Uruguay,123,30.17,4.08,24.4,-19.1
Jun 2005,URY,Uruguay,44.00,24.13,1.82,14.38,-40.40
Jun 2007,URY,Uruguay,62.00,23.95,2.59,18.18,-24.07
Jun 2008,URY,Uruguay,61.00,19.15,3.19,17.09,-10.77
May 2004,URY,Uruguay,29.80,29.74,1.00,10.28,-65.44
May 2006,URY,Uruguay,42.28,23.93,1.77,13.64,-42.99
Apr 2002,VEN,Venezuela,2500.00,857.00,2.92,1004.02,17.15
Apr 2003,VEN,Venezuela,3700.00,1598.00,2.32,1365.31,-14.56
Jan 2006,VEN,Venezuela,5900.00,2615.92,2.26,1873.02,-28.40
Jan 2007,VEN,Venezuela,6800.00,4125.28,1.65,2111.80,-48.81
Jan 2012,VEN,Venezuela,30.00,4.29,6.99,7.15,66.43
Jan 2013,VEN,Venezuela,39.00,4.29,9.08,8.93,107.93
Jan 2014,VEN,Venezuela,45,6.29,7.15,9.73,54.66
Jan 2015,VEN,Venezuela,132,52.10,2.53,27.56,-47.11
Jan 2016,VEN,Venezuela,132,198.70,0.66,26.8,-86.5
Jul 2011,VEN,Venezuela,28.00,4.29,6.52,6.89,60.39
Jul 2012,VEN,Venezuela,34.00,4.29,7.92,7.86,82.94
Jul 2013,VEN,Venezuela,45,6.29,7.15,9.88,56.95
Jul 2014,VEN,Venezuela,75,11.00,6.82,15.64,42.19
Jul 2015,VEN,Venezuela,132,197.00,0.67,27.56,-86.01
Jul 2016,VEN,Venezuela,2170,641.40,3.38,430.6,-32.9
Jun 2005,VEN,Venezuela,5600.00,2629.62,2.13,1830.07,-30.41
Jun 2007,VEN,Venezuela,7400.00,2147.30,3.45,2170.09,1.06
May 2004,VEN,Venezuela,4400.00,2977.00,1.48,1517.24,-49.03
May 2006,VEN,Venezuela,5701.25,2519.58,2.26,1839.11,-27.01
Jan 2014,VNM,Vietnam,60000,21090,2.84,12975.31,-38.476
Jan 2015,VNM,Vietnam,60000,21380.00,2.81,12526.10,-41.41
Jan 2016,VNM,Vietnam,60000,22467.50,2.67,12170.4,-45.8
Jul 2014,VNM,Vietnam,60000,21230.00,2.83,12513.03,-41.06
Jul 2015,VNM,Vietnam,60000,21810.00,2.75,12526.10,-42.57
Jul 2016,VNM,Vietnam,60000,22300.00,2.69,11904.8,-46.6